Gold,Date,United States(USD),Europe(EUR),Japan(JPY),United Kingdom(GBP),Canada(CAD),Switzerland(CHF),India,China(CNY),Turkey(TRY),Saudi Arabia(SAR),Indonesia(IDR),United Arab Emirates(AED),Thailand(THB),Vietnam(VND),Egypt(EGP),South Korean(KRW),Australia(AUD),South Africa(ZAR)
Rate,2004-Jan,399.8,321.8,42313.5,219.6,531.8,503.8,18106.7,3308.7,535.3,1499.1,3381285.4,1468.3,15686.2,6274076.3,2464.5,469106.6,525.3,2826.7
Rate,2004-Feb,395.9,318.6,43250.6,213.3,531.1,502.8,17906.3,3276.4,525.7,1484.4,3346910.5,1454,15552.9,6236218.6,2450.1,465519.4,513.1,2633
Rate,2004-Mar,423.7,344.8,44079.6,230.5,556.9,536.8,18397.1,3507,556.7,1588.8,3628354.5,1556.3,16647.2,6660986.9,2622.7,485750.8,555,2670.4
Rate,2004-Apr,388.5,324.1,42872.9,219.1,534.3,503.7,17276.6,3215.7,551.1,1457,3411807,1427,15543.9,6106248.8,2407.8,455846.4,537.9,2702.5
Rate,2004-May,393.3,322,43464,214.5,536.6,493.3,17849.6,3254.9,590.5,1474.8,3647393.8,1444.5,15954.2,6191328,2434,458116.6,551.1,2562
Rate,2004-Jun,395.8,325.3,43187.7,218.3,530.7,495.7,18196.9,3275.8,587.4,1484.4,3721507.7,1453.8,16182.3,6222566.6,2450,457346.7,568.2,2458.8
Rate,2004-Jul,391.4,325.1,43623.5,215.2,520.2,500.7,18151.2,3239.6,574.1,1467.8,3575438.1,1437.6,16172.6,6163765.7,2431.2,457742.2,558.9,2453.1
Rate,2004-Aug,407.3,335.1,44693.7,226.4,536.6,516.4,18874,3370.6,612.3,1527.3,3817968.8,1495.8,16962,6418260,2538.2,469090.9,576.7,2710.8
Rate,2004-Sep,415.7,334.7,45810.9,229.7,526,519,19119.9,3440.1,625.8,1558.8,3807353.1,1526.7,17218.3,6548564.2,2591.6,478620.9,573.8,2691.3
Rate,2004-Oct,425.6,334.5,45189.1,232.3,519.1,511.3,19305.1,3522.1,627.5,1595.9,3872503.2,1563,17475.2,6700281.7,2651.2,476403,569.7,2620.3
Rate,2004-Nov,453.4,341.2,46607.2,237.2,539.1,515.9,20171.8,3752.6,649.5,1700.4,4080599.1,1665.2,17868.5,7151023.3,2822.4,475389.8,584.4,2628.5
Rate,2004-Dec,435.6,320.5,44635.9,226.9,521.9,495.3,18935.5,3605.2,587.4,1633.8,4043455.6,1599.9,16923.1,6870716.5,2644.1,450933,555.7,2454.1
Rate,2005-Jan,422.2,323.9,43673.5,223.8,523.8,501.7,18429,3493.9,563.8,1583.2,3869426,1550.4,16278.1,6664480.5,2463.2,432914.7,544.7,2515.2
Rate,2005-Feb,435.5,328.1,45410.9,226.1,535.3,504.3,18985.6,3604,556.7,1633,4031177.9,1599.5,16664.7,6881415.6,2526.2,438280.4,548.5,2523.5
Rate,2005-Mar,427.5,328.9,45725.4,226.2,517.2,509.5,18666.8,3538.2,577.3,1603.3,4048425,1570.2,16721.7,6762622.5,2479.5,434126.3,552.7,2660.7
Rate,2005-Apr,435.7,337.5,45711.5,228.1,546.8,518.7,18966,3606,605,1634,4165291.5,1600.3,17192.7,6896258.8,2528.2,434436.4,558,2649.9
Rate,2005-May,414.5,335.7,44667.3,227.4,519.8,516,18130.1,3430.3,562.2,1554.3,3940382.9,1522.2,16835,6571104,2401.7,417972.8,546.9,2796.9
Rate,2005-Jun,437.1,361.1,48435,243.9,535.4,560,19005.1,3617.6,583.8,1639.2,4266094.6,1605.4,18061,6928469.8,2531.9,451742.7,573.4,2917.1
Rate,2005-Jul,429,353.2,48088.8,243.7,525.9,551.3,18635.8,3477.3,568.6,1608.9,4206345,1575.7,17859.3,6811662,2477.5,440454.3,564.4,2818
Rate,2005-Aug,433.3,352.3,48149.2,240.9,514.7,545.2,19102,3509.2,581.6,1624.9,4462475,1591.2,17895.4,6878277,2501,450796.6,576.8,2792.9
Rate,2005-Sep,473.3,392.5,53638.2,267.5,549.3,610.1,20806.4,3829.5,636.9,1775.7,4869742.5,1737.8,19434,7521125.6,2725.9,492889.9,619.7,3008.8
Rate,2005-Oct,470.8,393,54797.7,265.9,555.3,607.8,21233.2,3805.8,636.5,1765.5,4761636.3,1729.1,19204.3,7483042,2709.9,489674.1,630.1,3154.4
Rate,2005-Nov,495.7,420.4,59307,286.4,579.2,651.6,22750.3,4005.1,671.5,1858.9,4971368.5,1820.5,20443.1,7884798.7,2856.6,512254.2,669.7,3200.3
Rate,2005-Dec,513,434.9,60549.4,298.8,599.3,676.1,23090.1,4140,693.3,1923.9,5047920,1884.3,21033,8163882,2944,518566,699.3,3253.7
Rate,2006-Jan,568.8,468.4,66580.7,320,650.3,728.6,25096.1,4585,752.5,2133.1,5338571.9,2089,22138.6,9053362.5,3259.9,548644.6,751.9,3461.7
Rate,2006-Feb,556,466.4,64398.7,317.5,632.7,729.3,24669.7,4470.4,730.9,2085.2,5105470,2042.2,21771.8,8845960,3188,539876,748.5,3430.1
Rate,2006-Mar,582,480.9,68670.2,335.5,679,760.6,25936.8,4666,783.1,2182.7,5288634,2137.5,22636.9,9268350,3345,565500.2,816.2,3587.7
Rate,2006-Apr,644,511.3,73544.8,354.3,721.6,801,28925.3,5161,850.7,2415.3,5662370,2365.5,24195.1,10266970,3705.6,607420.8,848.8,3899.7
Rate,2006-May,653,508.4,73207.8,349,718.9,793.4,30233.9,5235.4,1026.5,2449.1,6043515,2398.3,24944.6,10420247.5,3763.7,617542.1,866.5,4373.5
Rate,2006-Jun,613.5,479.8,70132.2,331.7,682.3,751.5,28245.5,4904.5,974.5,2300.6,5682850.5,2253.3,23408.1,9813546,3530.7,582027.4,825.8,4375.3
Rate,2006-Jul,632.5,495.6,72380.1,338.8,714.9,778.8,29449.2,5040.4,946.2,2372.1,5736775,2323.1,23933.8,10123795,3632.9,604480.2,825.4,4385.3
Rate,2006-Aug,623.5,487.1,73127.2,327.8,691.9,768.7,29014.6,4958.5,913.7,2338.4,5671979.5,2290,23437.4,9984729,3579.2,599495.3,816.5,4495.4
Rate,2006-Sep,599.3,473.1,70750.4,320.8,668.6,751.4,27520.6,4736.5,906.4,2247.4,5528081.3,2201,22522.8,9620659.1,3439.5,567190.1,803,4655.1
Rate,2006-Oct,603.8,473,70732.3,316.6,676.5,751,27186.9,4757,880.9,2264.2,5501671.9,2217.6,22169.7,9705281.3,3462.5,568853.2,780.2,4457
Rate,2006-Nov,646.7,487.9,74794.1,328.8,738.5,774.8,28928.2,5065.9,939.7,2425.4,5927005.1,2375.2,23206.8,10392468.2,3698.8,601010.5,819.2,4640.9
Rate,2006-Dec,632,479.3,75306,322.9,735.5,771.5,27972.3,4932.8,895.2,2370.2,5683892,2321.2,22846.8,10147392,3609.5,587760,801.8,4456.1
Rate,2007-Jan,650.5,500.6,78684.5,332.3,767.9,811.7,28727.4,5056.9,918.2,2439.8,5919550,2389.2,22598.4,10434020,3705.9,612445.8,839.8,4718.6
Rate,2007-Feb,664.2,502.8,78697.7,338.9,778.8,811.1,29407.5,5141.2,939.5,2490.9,6065141.9,2438.8,22549.6,10623214,3782.6,625477.1,843,4830.9
Rate,2007-Mar,661.8,497.1,78136.1,337.4,763.4,807.9,28763,5115.5,918.2,2481.7,6038468.8,2429.9,23167.9,10601235,3769.5,622442,819.2,4799.3
Rate,2007-Apr,677,496.1,80904.9,338.5,748.2,816.9,27885.6,5215.5,924.3,2539.2,6149191,2486.6,23542.7,10863142,3848.7,629948.5,813.4,4764
Rate,2007-May,659.1,489.8,80288.2,333.2,704.6,807.7,26762.8,5039.9,869.9,2471.9,5817874.4,2420.5,22827.9,10608212.1,3751.4,611974.2,796.4,4690.2
Rate,2007-Jun,650.5,481.7,80333.5,324.2,692,797.3,26493.2,4952.4,849.6,2439.8,5877267.5,2389.2,22458.5,10495817.5,3703,600996.9,766.7,4587.3
Rate,2007-Jul,665.5,486.2,79237.8,327.5,710.6,800.9,26874.6,5039.4,850.2,2495.9,6139237.5,2444.2,22477.3,10741170,3764.2,611794,776.7,4727.1
Rate,2007-Aug,672,492.9,77894.9,333.2,710.9,812,27468,5070.2,876,2520.5,6310080,2468.3,23056.3,10913280,3799.8,630504,826,4819.9
Rate,2007-Sep,743,522.5,85456.1,364.7,738.3,868,29606.7,5577,900,2779.9,6794735,2727.7,25466.3,11951898,4151.5,679956.4,839.6,5124.3
Rate,2007-Oct,789.5,545.7,91017.5,380.1,749.9,915.1,31045.9,5892,924.7,2953.7,7182081.5,2899,26831.2,12695949.5,4356.1,711102.6,851.9,5162.9
Rate,2007-Nov,783.5,533.8,86909.7,381.1,783.2,884.6,31046.2,5797.9,923.4,2910.7,7341395,2864.2,26519.5,12573216.3,4336.7,721721,885.9,5326
Rate,2007-Dec,833.8,570.3,93142.4,418.8,822.9,943.9,32862.3,6089.8,977.4,3127,7830996.9,3062,28084.9,13353756.9,4599.2,780431.5,949.6,5698.1
Rate,2008-Jan,923.3,623.6,98164.6,464.4,930.8,1001.3,36353,6630.6,1083.8,3461.5,8536831.1,3389.3,30481.1,14744764.1,5126.4,871455.6,1034.6,6923.2
Rate,2008-Feb,971.5,639.9,101138,488.4,951.5,1014.1,38874.6,6908.8,1173.8,3637.8,8806647.5,3567.9,30578,15476480.8,5329.9,912286.9,1038.6,7544.8
Rate,2008-Mar,933.5,589.1,92915.9,469.7,957.8,923.3,37452,6545.7,1247.2,3501.8,8592867.5,3428.4,29391.2,15038685,5085.9,924491.6,1022.6,7586.1
Rate,2008-Apr,871,559.5,91028.2,439.8,877.2,907.2,35288.6,6086.1,1112.4,3266.7,8032362,3199.1,27619.4,14042262,4681.6,873308.1,924.3,6574.3
Rate,2008-May,885.8,570,93504.2,448.2,880.2,925.4,37604.5,6148.9,1080.1,3322.1,8250761.3,3253.2,28782.4,14389894.5,4736.6,912366.6,929,6765.1
Rate,2008-Jun,930.3,590.4,98611.1,467.4,943.8,947.6,40024,6376.2,1137.4,3488.2,8576905,3416.9,31102.9,15667270.5,4956.1,973087.8,969.4,7282.1
Rate,2008-Jul,918,588.4,99222,463.4,941.5,962.1,39083.9,6271.6,1059.6,3442.7,8349210,3371.8,30743.8,15390270,4873,929061.7,976,6704.8
Rate,2008-Aug,833,565.8,90401.3,456.7,882.9,914.9,36597.9,5693.6,985,3124,7621950,3059.7,28521.9,13765325,4477.4,907053.6,967.3,6401.8
Rate,2008-Sep,884.5,629.7,93902.9,496.2,940.4,991.7,41540.5,6057.5,1124.2,3326.6,8340835,3249,29931.5,14682700,4831.6,1067547.2,1121.3,7324.2
Rate,2008-Oct,730.8,576.3,71869.3,452.3,888.5,853.6,36135.6,4998,1119.3,2741.2,7965175,2684.3,25631.1,12294868.8,4073.9,943361.7,1107.6,7197.9
Rate,2008-Nov,814.5,641.9,77577.1,530.8,1011,989.3,40794.2,5567,1277.8,3055.7,9794362.5,2991.7,28927,13823694,4496,1196500.5,1250.8,8198
Rate,2008-Dec,869.8,625.7,78842.8,604.9,1073.7,925.7,42374.2,5934.3,1342.5,3264.3,9480275,3194.6,30249.9,15205839.3,4793.4,1095493.4,1247.5,8040.8
Rate,2009-Jan,919.5,717.5,82580.3,637.8,1140,1067.3,44945.2,6287.5,1512.2,3450.5,10463910,3377.1,32159.5,16076078.3,5118.4,1268542.1,1446,9381.2
Rate,2009-Feb,952,749.6,93148.4,667.9,1207.9,1109.1,48685.3,6511.5,1619.8,3570.4,11404960,3496.7,34443.4,16640008,5299.8,1459892,1490.2,9562.4
Rate,2009-Mar,916.5,690.3,90522.7,639.4,1153.1,1042.1,46498.6,6263,1533.4,3437.2,10590157.5,3366.4,32503.7,16310950.5,5163.6,1267748.6,1319.1,8715.9
Rate,2009-Apr,883.3,666.6,86898.6,596.1,1049.4,1006,44193.4,6026.4,1407.2,3312.3,9349201.3,3244.2,31139,15706834.8,4976.2,1133209.8,1202.2,7486.7
Rate,2009-May,975.5,689.2,93116.3,604.9,1069,1040.3,45960.7,6660.8,1506.7,3658.3,10037895,3582.8,33498.7,17339512.5,5484.3,1224349.9,1218.7,7840.6
Rate,2009-Jun,934.5,666.2,90165.2,567.5,1085.3,1016.3,44767.2,6383.3,1435.6,3504.6,9538908.8,3432.3,31838.4,16608868.5,5227.6,1190506.2,1155.9,7216.7
Rate,2009-Jul,939,662.3,89388.1,566.4,1015.2,1010.6,45025.1,6415.3,1388.8,3521.3,9319575,3449,31954.2,16726876.5,5209.6,1153279.8,1129.5,7360.7
Rate,2009-Aug,955.5,665.8,88637,586.3,1049.4,1009.8,46652.3,6526.6,1433.7,3583.4,9631440,3509.5,32496.6,17026054.5,5281.1,1193323.9,1133.4,7442.3
Rate,2009-Sep,995.8,681.2,89154.5,622.6,1068.7,1033.2,47900.6,6797.3,1480,3734.3,9623923.8,3657.3,33268,17764677.9,5478.6,1173242.4,1128.3,7545.3
Rate,2009-Oct,1040,704.9,94140.8,630.9,1120.3,1065.2,48843.6,7100.6,1558.9,3900.1,9932000,3819.8,34762,18571280,5691.9,1229540,1151,8140.1
Rate,2009-Nov,1175.8,783.1,101285,716.4,1239.5,1180.8,54690,8027,1798.2,4409.1,11116716.3,4319.2,39087.8,21733738.8,6439.6,1367161.9,1284.5,8738.5
Rate,2009-Dec,1087.5,758,101240.8,673.4,1140.1,1124.2,50606.8,7424.4,1630.1,4078.9,10217062.5,3994.6,36257.3,20090475,5964.7,1266366.4,1209.2,8008.1
Rate,2010-Jan,1078.5,775.9,97771.4,673.1,1149.1,1136.9,49794.3,7362.7,1606.7,4044.5,10083975,3961.4,35800.8,19924209,5894,1252947.4,1213.4,8137.3
Rate,2010-Feb,1108.3,812.1,98484.6,728,1171.4,1188.9,51095.9,7564.9,1708.2,4156,10345513.8,4070.6,36644.3,21139868.8,6084.3,1285459.1,1237.6,8494.2
Rate,2010-Mar,1115.5,824.4,104232.3,735.4,1131.7,1174.1,50080.4,7614.3,1698,4183.3,10150492.3,4097.2,36069.7,21294895,6141.9,1262132.4,1215.3,8192.2
Rate,2010-Apr,1179.3,886.9,110861.3,770.4,1194.4,1271.2,52311.5,8048.6,1751.1,4422.8,10629759.5,4331.4,38154.6,22379216.9,6555.5,1307021.6,1266.9,8677.1
Rate,2010-May,1207.5,984.1,109924.8,831.1,1267.1,1395.1,55985.7,8244.7,1899.2,4528.4,11078812.5,4435.3,39255.8,22924387.5,6835.1,1451433,1439.6,9285.6
Rate,2010-Jun,1244,1015.6,110081.6,831.5,1321.9,1341.5,57777.6,8436.1,1969.6,4665.6,11276860,4569.1,40293.2,23735520,7085.8,1520124.3,1472.8,9536.3
Rate,2010-Jul,1169,897.3,101305.5,746.4,1204,1223.1,54247.4,7920,1761.1,4383.9,10460796.5,4293.7,37729.5,22298675,6664.5,1383014.6,1291.4,8538.1
Rate,2010-Aug,1246,980.4,104626.6,810.7,1328.7,1263.4,58611.8,8482,1897.5,4672.7,11257610,4576.2,38993.6,24290770,7109.2,1493829.3,1399.9,9190.2
Rate,2010-Sep,1307,957.4,109186.8,829.4,1340.8,1276.9,58730,8745.4,1890.5,4901.6,11664975,4800.6,39667.4,25453825,7440.8,1490306.8,1349.9,9115.4
Rate,2010-Oct,1346.8,969,108480.7,842.4,1370.5,1324.5,59829.4,8983.9,1928.7,5050.5,12036578.1,4946.6,40375.6,26248157.5,7777.1,1515430.4,1374,9369.4
Rate,2010-Nov,1383.5,1062.8,115895.8,888.4,1421,1378.9,63481.9,9223.8,2085.5,5188.8,12498539,5081.6,41823.2,26976866.5,8010.5,1604029.8,1442.6,9812.1
Rate,2010-Dec,1405.5,1047.7,113993.1,897.7,1396.6,1310.1,62846.9,9261.8,2163.1,5271,12663555,5162.5,42368.8,27403736.3,8158.9,1595101.8,1371.2,9298.4
Rate,2011-Jan,1327,967.9,108721.1,828.5,1327.3,1246.9,60922.6,8762.2,2127.4,4977.1,12006696,4874,40997.7,25873182.5,7772.9,1487964.8,1331,9527.9
Rate,2011-Feb,1411,1021.6,115603.2,867.5,1375.1,1311.5,63868.9,9272.5,2257.9,5292.1,12447136.5,5182.7,43141.3,29458152.5,8312.2,1592525,1385.6,9791
Rate,2011-Mar,1439,1014,119264.3,897.7,1399.8,1316.5,64172.2,9423.3,2221.6,5396.5,12530092.5,5285,43522.6,30067905,8575.7,1578511,1391.5,9726.9
Rate,2011-Apr,1535.5,1035,124590.5,920.6,1457,1333.5,67892.1,9966.9,2332.7,5757.7,13150022,5639.9,45834.7,31700397.5,9131.6,1645518.4,1403.1,10114.6
Rate,2011-May,1536.5,1068.8,124825.3,933.5,1488.6,1310.5,69211.6,9955.1,2455,5762,13114795.8,5643.6,46555.9,31567392.5,9129.9,1658113.8,1442,10490.5
Rate,2011-Jun,1505.5,1038.4,121584.2,937.7,1453,1267.6,67299.6,9731.6,2444.9,5645.7,12910415.3,5529.7,46256.5,30990717.5,8985.6,1607346.9,1406.2,10205.8
Rate,2011-Jul,1628.5,1133.3,125703.9,992.1,1553.8,1283.6,71963.4,10482,2731.2,6107.2,13846321.3,5981.3,48570,33538957.5,9702.6,1716927.2,1482.5,10927.9
Rate,2011-Aug,1813.5,1259.6,138678.3,1113.8,1773.3,1462.5,83511.7,11566.9,3113.1,6800.8,15474595.5,6660.4,54350.6,37778832,10796.2,1934732.2,1693.4,12692.2
Rate,2011-Sep,1620,1207.4,124869.6,1039.9,1688.1,1471.5,79339.5,10345.2,3012.3,6075.7,14239800,5950.3,50357.7,33743790,9663.7,1908440.7,1666.8,13023.3
Rate,2011-Oct,1722,1234.6,134272.9,1066.9,1710.4,1499.5,83852.8,10943.1,3035.7,6458.2,15244005,6324.9,52951.5,36176637,10277.8,1908320.3,1623.1,13597.8
Rate,2011-Nov,1746,1297,135542,1110.1,1775.2,1589.1,91149.9,11137.6,3185.6,6548.2,15906060,6413.1,54422.8,36675603,10484.4,1995154.1,1699.6,14140.4
Rate,2011-Dec,1531,1179.4,117795.1,985.1,1558.9,1431.6,81303.8,9636.1,2891.5,5741.6,13882342.5,5623.4,48303,32202288.5,9233.1,1763712,1493.4,12360.4
Rate,2012-Jan,1744,1332.3,132980,1105.2,1749,1603.8,86232.1,11002,3089.8,6540.4,15678560,6405.7,53933.2,36655392,10513.7,1959122.2,1641,13601.7
Rate,2012-Feb,1770,1323.2,143263.8,1108,1743.4,1594.5,86747.7,11139.7,3090.3,6638.3,15965400,6501.2,53569.1,36877950,10674.4,1980143,1638.2,13186.9
Rate,2012-Mar,1662.5,1248.4,136815.4,1040.5,1661.6,1502.7,84696.1,10470.4,2964.1,6235.1,15201900,6106.4,51288.1,34663125,10041.5,1883695.3,1604.8,12758.9
Rate,2012-Apr,1651.3,1247.6,131844,1016.9,1631.4,1498.8,87020.9,10419.7,2904.5,6192.7,15175813.1,6065,50775.9,34453331.3,9982.2,1866118.9,1586.1,12797.4
Rate,2012-May,1558,1260.1,122170.6,1012.3,1613.8,1514,87493.4,9922.9,2903.6,5843,14645200,5722.5,49567.8,32515460,9410.3,1838829.5,1606.3,13338.5
Rate,2012-Jun,1598.5,1259.6,127544.3,1019.2,1629.6,1513,89252.2,10157,2891.2,5995.1,15013911.3,5871.3,50768.4,33416642.5,9684.5,1830841.7,1559.4,13073.3
Rate,2012-Jul,1622,1317,126678.2,1035.2,1625.7,1582.2,90207.5,10320.3,2905.2,6083.2,15352230,5957.6,51044.3,33851140,9853.2,1833873.8,1541.3,13324.9
Rate,2012-Aug,1648.5,1307.8,129077.5,1037.9,1626.8,1570.4,91697.8,10465.3,2997.1,6182.3,15718447.5,6054.9,51655.7,34354740,10060.4,1870429.3,1595.1,13894.4
Rate,2012-Sep,1776,1380.5,138172.8,1099.8,1747.5,1669.1,93675.1,11162,3189,6660.2,16996320,6523.3,54665.3,37091760,10827.8,1973890.5,1707.9,14654
Rate,2012-Oct,1719,1326.6,137399.7,1067,1718.1,1600.7,92473.6,10721.8,3084.7,6446.6,16510995,6313.9,52687.3,35841150,10507.4,1874741.2,1657.8,14953.9
Rate,2012-Nov,1726,1327.1,142343.2,1077,1714.5,1599,93885.8,10747.3,3082.6,6472.7,16558381,6339.6,52970.9,35987100,10547.6,1868998.9,1654.5,15330.2
Rate,2012-Dec,1657.5,1257.2,143315.7,1019.7,1650.4,1517.2,90814.4,10326.7,2958.1,6216.4,15974156.3,6088.1,50702.9,34542300,10548.9,1774478,1596.5,14062.9
Rate,2013-Jan,1664.8,1226.4,151925.1,1050,1662.8,1515.8,88548,10352.8,2928.5,6243.1,16214665,6114.6,49642.8,34693390,11179.1,1812787.6,1596,14871.5
Rate,2013-Feb,1588.5,1215.1,146555,1046.5,1633.1,1482.4,86422.3,9882.5,2857.2,5957.2,15350469.8,5834.6,47257.9,33287017.5,10707.1,1720067.4,1551.7,14253.1
Rate,2013-Mar,1598.3,1244.7,150267.5,1052.6,1623.7,1513.5,86864.9,9932,2892,5993.7,15530994.4,5870.4,46804.7,33471350.6,10873,1778212.7,1533,14663.1
Rate,2013-Apr,1469,1114.2,143095.3,943.9,1477.6,1364.6,79142.4,9056.4,2634.6,5509.1,14282352.5,5396.1,43115.1,30746170,10186.4,1617809.4,1415.2,13195.2
Rate,2013-May,1394.5,1076,140809.6,919.8,1441.3,1338.2,78768.3,8554.6,2616.4,5229.7,13659127.5,5121.9,42218.5,29302628.5,9738.8,1575366.6,1454.5,14028.3
Rate,2013-Jun,1192,917,118407.3,785.9,1257.5,1127.8,70834.6,7316,2299.9,4470.2,11830600,4378.2,36969.9,25276360,8367.1,1361323.4,1302.2,11833.2
Rate,2013-Jul,1314.5,990,129287.6,867.1,1351.4,1221.4,79928.2,8056.4,2553.4,4929.9,13509773.8,4828.2,41143.8,27834537.5,9201.4,1476741.9,1464.7,13025.7
Rate,2013-Aug,1394.8,1057.8,136845.9,901.6,1471.3,1300.5,92151.1,8535.2,2842.9,5231.1,15230670,5123,44897,29505936.3,9743.2,1548242,1566,14283.6
Rate,2013-Sep,1326.5,979.9,130162.8,819.1,1363.5,1199.5,83045.5,8120.8,2683.3,4974.7,15360870,4872.2,41492.9,28005731.3,9141.6,1425556.1,1418.6,13349.6
Rate,2013-Oct,1324,973.9,129897.6,824.1,1380.7,1199,81366.4,8069.1,2637.7,4965.5,14924790,4863.1,41209.5,27936400,9120.1,1404433,1398.2,13247.3
Rate,2013-Nov,1253,920.3,128263.3,764.9,1326.6,1132.3,78300,7634.8,2529.6,4699.2,14989012.5,4602.3,40233.8,26463360,8625.3,1326049.7,1371.1,12738.7
Rate,2013-Dec,1204.5,874.1,126599,727.3,1279.8,1071.2,74504.3,7291.9,2587.9,4517.4,14658765,4424.1,39579.9,25408927.5,8369.5,1271168.9,1346.3,12615.6
Rate,2014-Jan,1251,927.7,127583.2,761.2,1394.8,1133,78381.4,7581.1,2828.4,4691.7,15274710,4594.9,41295.5,26346060,8709,1339007.7,1433.8,13972.1
Rate,2014-Feb,1326.5,960.4,135389.2,791.5,1468.4,1168.4,82216.5,8151.3,2925.5,4974.8,15399338.5,4872.2,43277.1,27989150,9233.3,1416038.8,1482.4,14248.9
Rate,2014-Mar,1291.8,937.2,133030.9,774.8,1425.8,1141.1,77146.5,8032.1,2763.3,4844.5,14674280,4744.6,41904.4,27252695.6,9000.2,1375003.2,1393.7,13586.5
Rate,2014-Apr,1288.5,929.3,131620.3,763.1,1414.1,1134.5,77715.9,8065.1,2728.3,4832.5,14896992.8,4732.6,41695.8,27164801.3,9029.2,1331406.8,1390.6,13569.4
Rate,2014-May,1250.5,916.4,127232.1,745.5,1357.9,1117.9,73892,7812.3,2618.8,4690.1,14599587.5,4593,41053.9,26457453.8,8941.5,1275760,1343.6,13235
Rate,2014-Jun,1315,960.5,133216.1,769.1,1400.7,1166.1,79090.7,8159.6,2788.2,4931.9,15589325,4829.7,42678.3,28048950,9402.3,1330516.7,1393.2,13990
Rate,2014-Jul,1285.3,960.6,132168.7,761.3,1399.2,1168.7,77786.5,7936,2757.1,4820.3,14879981.9,4720.8,41269.4,27289070.6,9189.6,1321044,1382.4,13773.4
Rate,2014-Aug,1285.8,976.1,133570.1,774.2,1394.7,1177.6,78019.3,7898.6,2774.6,4822.1,15040060.6,4722.6,41066.8,27251471.3,9193.2,1303686.2,1374.7,13674.5
Rate,2014-Sep,1216.5,963,133444,750.4,1359.5,1162.4,75131,7468.7,2774.6,4563.7,14823052.5,4468.1,39445,25823253.8,8698,1283711.6,1390.2,13744.3
Rate,2014-Oct,1164.3,929.2,130518.2,727.7,1312.6,1120.5,71484.9,7117.6,2584.9,4368,14069961.3,4276.3,37919.6,24775240,8324.4,1244268.9,1324.5,12861.5
Rate,2014-Nov,1182.8,948.7,140374.7,755.2,1348.6,1139.6,73395.5,7268,2622.3,4438.9,14434281,4344.3,38835.6,25307893.1,8456.7,1310427.8,1385.8,13065.3
Rate,2014-Dec,1206,996.7,144593.4,773.5,1396.9,1198.3,76125.7,7482,2819.3,4525.5,14936310,4429.6,39677.4,25793325,8623,1325574.8,1473.7,13951.9
Rate,2015-Jan,1260.3,1116.8,148035.3,839.1,1597.9,1159.5,78053.6,7877.8,3073.9,4738.9,15964216.9,4629,41248,26861598.6,9565.4,1378209.2,1618.3,14658
Rate,2015-Feb,1214,1082.3,145127.6,785.6,1515.9,1150.9,75031.3,7611.3,3053.2,4552.8,15690950,4458.7,39248.6,25915865,9262.9,1332425.5,1550.9,14146.7
Rate,2015-Mar,1187,1105.2,142351,799.6,1503.3,1152.9,74283.9,7358.9,3082,4452.6,15520025,4359.7,38625,25585785,9056.9,1316917.1,1553.8,14382
Rate,2015-Apr,1180.3,1053.3,141240.5,768,1429.6,1105.8,74963.6,7320.9,3157.4,4426.1,15298990.6,4335,38906.9,25481597.5,9005.4,1265228,1496.4,14111.2
Rate,2015-May,1191.4,1086.7,147846.8,780.8,1487.2,1123.9,76090.2,7384.9,3171.5,4468.2,15755072.3,4376.1,40078.7,25990388.9,9090.4,1320368.9,1556.5,14496.7
Rate,2015-Jun,1171,1051,143289.4,744.6,1461.9,1094.4,74569.3,7261.4,3137.1,4391.3,15612357.5,4301,39551.1,25572883.5,8934.8,1306191.9,1523.6,14213.3
Rate,2015-Jul,1098.4,994.2,136086.2,703.9,1429,1055.7,70427.4,6820.7,3034.6,4119.3,14858604.7,4034.2,38713.1,23964889.1,8600.5,1285292.5,1495.7,13858.5
Rate,2015-Aug,1135,1012.9,137545,738,1510.1,1097.6,75449.1,7237.1,3304,4256.9,15946750,4168.9,40684.1,25516502.5,8887.1,1342421.3,1601,15054.9
Rate,2015-Sep,1114,998,133418.2,735.4,1493.5,1088.5,73123,7081.8,3372.9,4177.8,16320100,4091.6,40432.6,25039935,8722.7,1320424,1586.3,15403.3
Rate,2015-Oct,1142.4,1034.1,137853.1,739.7,1494.6,1126.1,74646.8,7216.8,3326.1,4284.4,15635913.6,4195.7,40630.5,25514955.2,9173.1,1302335.7,1601.2,15772
Rate,2015-Nov,1061.9,1005.4,130911,705.4,1414.1,1091.6,70780.9,6794.1,3086.4,3985.8,14691385.2,3900.4,38058.5,23892747.8,8314.7,1229733,1465.5,15312.6
Rate,2015-Dec,1060,975.8,127512.7,719.2,1472.5,1061.1,70125.6,6883.2,3094,3979.1,14612100,3893.4,38144.1,23834100,8299.9,1242902.8,1456.9,16425.2
Rate,2016-Jan,1111.8,1027.5,134600,783.8,1564.6,1139.2,75466.2,7314.3,3290.7,4170.9,15315042.3,4083.7,39727.4,24715309.7,8705.5,1332936.7,1571.8,17677.6
Rate,2016-Feb,1234.9,1136.5,139389.3,886.1,1672.8,1230,84498,8085,3648.9,4631.5,16513081.5,4535.9,43999.5,27538267.8,9669.3,1527200.7,1729,19492.8
Rate,2016-Mar,1237,1085.5,139032.6,860.6,1600,1184.6,81917.2,8000.4,3483,4639.6,16402620,4543.5,43517.7,27576441,10984.5,1414633,1608.1,18193.8
Rate,2016-Apr,1285.7,1122.5,137558.1,877.6,1610.4,1232.3,85277.1,8336.8,3592.5,4821.6,16955150.9,4722.1,44907.7,28657136.3,11416.5,1464869.4,1684.7,18231.5
Rate,2016-May,1212.1,1088.8,134427.9,832.8,1585.6,1205.1,81556.1,7981.7,3577.7,4545.6,16557284,4451.9,43302.3,27138915.7,10763.4,1444580.4,1673.1,19063.9
Rate,2016-Jun,1320.8,1188.9,135495.7,988,1715.3,1286.7,89144,8774.5,3798,4953.9,17450409.4,4851.3,46411.2,29458008,11728.2,1521305.7,1773.8,19342.4
Rate,2016-Jul,1342,1200.1,137534.9,1010.8,1750,1297,89893.9,8931,4012.8,5032.9,17578187,4929.3,46741.8,29925258,11916.9,1503241.2,1765.7,18604.2
Rate,2016-Aug,1309.3,1175.5,135422.3,999.7,1717.8,1286.4,87680.5,8743.6,3874.2,4910.2,17367201.3,4809,45320.3,29202821.3,11626.1,1459813.8,1742.1,19264.5
Rate,2016-Sep,1322.5,1176.8,133923,1018.1,1738.1,1282,88052,8821.1,3968.4,4961.7,17259947.5,4857.5,45824.6,29497701.3,11743.7,1456535.2,1728.2,18186
Rate,2016-Oct,1272,1160.4,133668.1,1041.9,1704.8,1257.9,84952.4,8612.5,3938.8,4770.6,16597056,4672.2,44516.8,28394856,11295.3,1455486,1671.6,17149.7
Rate,2016-Nov,1178.1,1110.6,134238.6,942.9,1584.1,1200.1,80639.7,8113.6,4039.5,4419,15966198.3,4327,42034,26695742.7,20940.7,1377257.4,1594.5,16524.3
Rate,2016-Dec,1145.9,1086.4,133652,927.4,1536.7,1164.6,77772.2,7963.4,4030.8,4299.2,15438136.4,4208.8,41035.2,26093286.7,20775.2,1384017.7,1582.5,15670.2
Rate,2017-Jan,1212.8,1122.2,136530.9,964,1581.2,1196.6,82282.4,8341.6,4578.7,4548.2,16193909.4,4454.5,42702.7,27400179.6,22982.6,1409394.5,1597.6,16348.5
Rate,2017-Feb,1255.6,1181.6,140482.8,1009,1663,1257.4,83772.1,8624.5,4554.8,4708.7,16744679.7,4611.2,43827.3,28582475.1,19838.5,1419769.5,1633.1,16423.3
Rate,2017-Mar,1244.9,1163.9,138713.6,995.5,1660.2,1246,80834.3,8579.3,4533.3,4668.5,16588246.7,4572.3,42776.1,28326558.4,22469.5,1392115.4,1631.8,16691.9
Rate,2017-Apr,1266.5,1163,141171.2,978.9,1731.6,1260.7,81470.7,8735.2,4500.7,4749.5,16880511.4,4651.7,43806.5,28803504.5,22859.4,1441093.3,1693.5,16949.9
Rate,2017-May,1266.2,1126,140022.7,980.8,1710.3,1225.1,81695.2,8636.8,4477.9,4748.8,16865783.4,4650.8,43126.8,28761731.9,22918.2,1417637.3,1700.9,16696.4
Rate,2017-Jun,1242.3,1089.2,139579.2,956.4,1613.3,1189.6,80295.9,8421.8,4375.9,4658.8,16556086.9,4562.7,42199.2,28237584.8,22509.6,1421320.2,1619.5,16276.6
Rate,2017-Jul,1267.6,1075.1,140057.9,961.5,1585.1,1223,81314.9,8529.2,4466.4,4753.4,16888833.6,4655.7,42179.6,28806970.6,22708.2,1418451.4,1587.7,16723.7
Rate,2017-Aug,1311.8,1103.3,144371.2,1018,1644.6,1260.6,83855.2,8653.5,4528.9,4919.3,17501368.5,4818.2,43556.6,29818045.1,23165.5,1479129.1,1653.9,17049.5
Rate,2017-Sep,1283.1,1085.4,144432.1,956.4,1604.7,1241.5,83812.1,8523.4,4562.8,4811.8,17282071.9,4712.4,42791.4,29160368.8,22646.7,1469598.2,1635.3,17325.1
Rate,2017-Oct,1270.2,1090.3,144327.1,956.5,1637.4,1266.1,82269.2,8417.8,4822.2,4763.4,17226408.1,4664.8,42194.4,28848279.7,22401.3,1423012.3,1656.5,17961.5
Rate,2017-Nov,1280.2,1073.7,143260.8,945.7,1649.3,1257.1,82547.3,8463,5000.5,4801,17315984.5,4702.2,41811.3,29085502.8,22637.1,1393177.6,1686.4,17465.1
Rate,2017-Dec,1291,1075.1,145431.1,954.4,1617.6,1258.1,82401.3,8407,4895,4841.6,17515642.5,4741.6,42073.7,29317319,22954,1382079.8,1650.6,15982.6
Rate,2018-Jan,1345.1,1079.7,146818.9,945.9,1650.2,1250.4,85550.2,8462,5045.8,5043.9,18008199.3,4940.5,42127,30545072.3,23753.6,1436311.2,1661.1,15970.8
Rate,2018-Feb,1317.9,1080.5,140621.2,956.5,1688.6,1245.4,85853,8344.6,5016.3,4942.3,18118458.7,4840.4,41367.3,29990309.1,23273.2,1427099.5,1691.2,15555.6
Rate,2018-Mar,1323.9,1076.4,140791.4,943.7,1706.8,1267.7,86343.7,8329.3,5244.3,4964.4,18226102.9,4862.5,41396.8,30196353.2,23339.5,1411091.4,1725.9,15686
Rate,2018-Apr,1313.2,1086.9,143696.9,953.4,1683.5,1299.9,87643,8332.1,5338.5,4924.8,18269894.3,4823.6,41444.6,29893027.1,23163.2,1402563,1739.7,16393.7
Rate,2018-May,1305.4,1118.3,141819.7,981,1693.3,1283.3,88088.3,8355.5,5923,4895.6,18137836.2,4794.7,41758.1,29769808.8,23359.2,1407101.8,1725.2,16532.3
Rate,2018-Jun,1250.5,1071,138506.1,947.1,1644.9,1241.6,85674.6,8284.6,5728.6,4689.6,17918947.8,4593.1,41427.4,28708455.2,22370.6,1393626.5,1692.4,17139
Rate,2018-Jul,1221,1043.5,136673.1,930.8,1589.7,1208.7,83740.4,8334.8,5993.6,4579.1,17606098.3,4484.7,40621,28427377.7,21836.7,1365815.5,1642.4,15992.9
Rate,2018-Aug,1202.5,1033.5,133333.7,925.1,1567.9,1162.9,85285.3,8212.3,7962.9,4509.8,17712087.8,4416.8,39356.2,28021893.7,21439.7,1338507.1,1662.7,17617.4
Rate,2018-Sep,1187.3,1022.2,134853.8,910.4,1534.6,1159.7,86063.7,8169,7132.2,4452.5,17691805.9,4360.8,38395.7,27695574.4,21275.5,1316957.1,1640.9,16801.1
Rate,2018-Oct,1215,1072.3,137113.2,950.9,1595.5,1222.1,89839.5,8473.2,6807.7,4557.5,18470276.6,4462.6,40275.6,28363614.1,21790.1,1384496,1714.2,17940.3
Rate,2018-Nov,1217.6,1075.3,138252.8,954.3,1618.3,1216.8,84857.1,8454.4,6391.3,4567.9,17414006.1,4472.2,40042.2,28390217.6,21806.3,1364812.4,1667.3,16882.9
Rate,2018-Dec,1279,1118.8,140325.5,1004.2,1746.9,1260.8,89293.4,8781.2,6804.2,4797.9,18392020,4698,41644.2,29666405,22919.7,1427108,1816.8,18398.4
Rate,2019-Jan,1323.3,1153.2,144009.3,1005.9,1737.8,1312.8,94109.5,8873.1,6849,4962.9,18489110.6,4860.3,41341.6,30698076.8,23408.3,1472314,1814.8,17559.5
Rate,2019-Feb,1319.2,1158.5,146847.8,991.8,1737.3,1314.1,93826.2,8820.1,7036.4,4947.3,18557141.3,4845.2,41569.7,30604277.7,23111.5,1483647.8,1854.2,18547.3
Rate,2019-Mar,1295.4,1153.7,143381.3,994.1,1730.6,1290.1,89738.8,8705.4,7318.5,4858.2,18446494.6,4758.1,41109.5,30058459.3,22449.3,1470408.2,1823.6,18681.3
Rate,2019-Apr,1282.3,1144.2,142816.1,983.6,1725,1306.7,89188.8,8638.6,7654.7,4809,18272772.2,4710.1,40937.4,29861556.7,22055.6,1497918.4,1821.8,18383.4
Rate,2019-May,1295.6,1162.6,140664.3,1027.9,1751.5,1303.1,90288.5,8943.2,7560.4,4858.8,18490734.6,4758.7,41000.9,30336594.2,21687.5,1542870.1,1869.9,18860
Rate,2019-Jun,1409,1237.3,151805.7,1107.1,1841.2,1373.8,97259.7,9677.4,8149.7,5284.1,19905647.5,5175.5,43210.5,32836745,23523.2,1626901.7,2007.8,19868.7
Rate,2019-Jul,1427.6,1282.2,154996.2,1165.9,1874.6,1413.3,98194,9829.4,7939.7,5354.1,20009965.6,5243.6,43904.3,33165550.8,23654.5,1688934,2071.2,20233.7
Rate,2019-Aug,1528.4,1387.9,162232,1255,2030.9,1512.3,109139.2,10920.9,8904.8,5732.6,21680352.6,5614,46727,35437480.1,25295,1851274.4,2268.5,23206.8
Rate,2019-Sep,1485.3,1362.4,160523.8,1205.3,1966.5,1481.1,105261.4,10602.7,8386.7,5571.7,21083830.7,5455.7,45427.9,34460440.8,24160.2,1776641.2,2202.2,22520.9
Rate,2019-Oct,1511,1354.3,163341.2,1167.7,1985.9,1490.9,107169.8,10630.1,8631.4,5666.5,21209204.5,5549.4,45623.1,35058571.7,24386.7,1757914.7,2193.1,22760.2
Rate,2019-Nov,1460.2,1324.3,159901,1128.8,1939.4,1459.2,104747.5,10259.7,8386.4,5475.6,20595414.4,5363.4,44122.1,33846274.7,23537.6,1724655.9,2158.7,21395.6
Rate,2019-Dec,1514.8,1349.4,164615.4,1143.4,1964.3,1466.8,108120,10551.3,9014.3,5682.3,21028516.9,5563.9,45372.4,35100544.4,24311.7,1751732.6,2154.9,21181.5
Rate,2020-Jan,1584.2,1429.5,171703.5,1201.8,2095.2,1527.9,113044.6,10978.5,9481.4,5943.9,21632250.3,5818.8,49379.5,36789875.5,25030.4,1888128.9,2366.4,23762.2
Rate,2020-Feb,1609.9,1465.6,173646.5,1260.4,2161,1558.3,116178.9,11252.9,10060.4,6039.4,23097324.3,5912.8,50798.8,37414526.1,25166,1955162.9,2496.9,25325.4
Rate,2020-Mar,1609,1466.4,173694.2,1297.6,2290.1,1556.7,121719.1,11412.4,10603.4,6044.8,26241973.7,5909.9,52801.7,37998571,25324.9,1958655.4,2628.8,28735.9
Rate,2020-Apr,1702.8,1554.6,182083.6,1349.9,2365,1643.4,127868,12008,11901.4,6393.8,25328406.3,6254.4,55092.5,39893729.8,26818.3,2074715.7,2600.8,31271
Rate,2020-May,1728.7,1554.1,186241.5,1398.3,2389.4,1660.8,130717.8,12352.6,11792.3,6495.6,25256306.3,6349.8,54989.9,40246727.9,27417.2,2140908.4,2604.3,30476.1
Rate,2020-Jun,1768.1,1574.2,190751.5,1431,2408.2,1675.4,133498.2,12507.7,12119.9,6632.1,25257309.9,6494.5,54647.6,41030530.9,28537.1,2126759.4,2568.1,30720.7
Rate,2020-Jul,1964.9,1661.7,207748.9,1497.1,2632,1787.5,146999.1,13714,13714,7369.2,28687538.6,7217.4,61270.5,45539502.6,31379.5,2340981.6,2739.9,33459.8
Rate,2020-Aug,1957.4,1636.7,207567.2,1461.9,2550.3,1762.5,144075.6,13417.2,14404.1,7340.9,28503910.8,7189.6,60917.6,45361588.5,31024,2325136,2646.7,33160
Rate,2020-Sep,1886.9,1609.1,199124.5,1459.6,2520.4,1733.6,139215.5,12850.9,14537,7077.6,28077070.6,6930.9,59791.1,43742113.5,29737.5,2206729.4,2632.6,31473.5
Rate,2020-Oct,1881.9,1615.5,196728.6,1455.4,2509.2,1724.8,139459.2,12608.8,15775.6,7057.5,27522057.7,6912.3,58652.6,43625989.9,29545.1,2135335.2,2679.7,30577.7
Rate,2020-Nov,1762.6,1473.5,183789.9,1320.2,2284.1,1595.6,130527.8,11601.5,13787.1,6610.6,24887206.7,6474.1,53317.1,40789814.5,27654.4,1950349.8,2392,27277.7
Rate,2020-Dec,1887.6,1542.7,194885.3,1380.9,2404.8,1668.5,137922.2,12344.5,14029.6,7081.5,26520781.4,6933.4,56552.5,43570529.3,29692,2050500.1,2446.2,27726.5
